Serial,Event,&quot;Regions&quot;,Date (YMD),Directly affected,Indirectly Affected,Losses $USD
766,Feux de Forêts,Gharb Chrarda Beni Hssen,24/09/2003,0,0,0
765,Feux de Forêts,Gharb Chrarda Beni Hssen,16/09/2003,0,0,0
764,Feux de Forêts,Gharb Chrarda Beni Hssen,24/07/2003,0,0,0
763,Feux de Forêts,Gharb Chrarda Beni Hssen,26/06/2003,0,0,0
762,Feux de Forêts,Gharb Chrarda Beni Hssen,19/06/2003,0,0,0
761,Feux de Forêts,Rabat Salé Zemmour Zear,24/09/2003,0,0,0
760,Feux de Forêts,Rabat Salé Zemmour Zear,09/09/2003,0,0,0
759,Feux de Forêts,Rabat Salé Zemmour Zear,31/08/2003,0,0,0
758,Feux de Forêts,Rabat Salé Zemmour Zear,21/08/2003,0,0,0
757,Feux de Forêts,Rabat Salé Zemmour Zear,16/08/2003,0,0,0
756,Feux de Forêts,Rabat Salé Zemmour Zear,06/08/2003,0,0,0
754,Feux de Forêts,Rabat Salé Zemmour Zear,17/09/2003,0,0,0
753,Feux de Forêts,Rabat Salé Zemmour Zear,11/09/2003,0,0,0
752,Feux de Forêts,Rabat Salé Zemmour Zear,22/07/2003,0,0,0
751,Feux de Forêts,Rabat Salé Zemmour Zear,18/07/2003,0,0,0
750,Feux de Forêts,Rabat Salé Zemmour Zear,16/07/2003,0,0,0
749,Feux de Forêts,Rabat Salé Zemmour Zear,01/07/2003,0,0,0
748,Feux de Forêts,Rabat Salé Zemmour Zear,23/06/2003,0,0,0
747,Feux de Forêts,Rabat Salé Zemmour Zear,14/06/2003,0,0,0
746,Feux de Forêts,Rabat Salé Zemmour Zear,14/06/2003,0,0,0
745,Feux de Forêts,Rabat Salé Zemmour Zear,30/04/2003,0,0,0
744,Feux de Forêts,Gharb Chrarda Beni Hssen,17/09/2003,0,0,0
743,Feux de Forêts,Gharb Chrarda Beni Hssen,16/09/2003,0,0,0
742,Feux de Forêts,Gharb Chrarda Beni Hssen,13/09/2003,0,0,0
741,Feux de Forêts,Gharb Chrarda Beni Hssen,11/09/2003,0,0,0
740,Feux de Forêts,Gharb Chrarda Beni Hssen,11/09/2003,0,0,0
739,Feux de Forêts,Gharb Chrarda Beni Hssen,09/09/2003,0,0,0
738,Feux de Forêts,Gharb Chrarda Beni Hssen,27/08/2003,0,0,0
737,Feux de Forêts,Gharb Chrarda Beni Hssen,24/08/2003,0,0,0
736,Feux de Forêts,Gharb Chrarda Beni Hssen,20/08/2003,0,0,0
735,Feux de Forêts,Gharb Chrarda Beni Hssen,23/08/2003,0,0,0
734,Feux de Forêts,Gharb Chrarda Beni Hssen,12/08/2003,0,0,0
733,Feux de Forêts,Gharb Chrarda Beni Hssen,09/08/2003,0,0,0
732,Feux de Forêts,Gharb Chrarda Beni Hssen,07/08/2003,0,0,0
731,Feux de Forêts,Gharb Chrarda Beni Hssen,06/08/2003,0,0,0
730,Feux de Forêts,Gharb Chrarda Beni Hssen,01/08/2003,0,0,0
729,Feux de Forêts,Gharb Chrarda Beni Hssen,30/07/2003,0,0,0
728,Feux de Forêts,Gharb Chrarda Beni Hssen,27/07/2003,0,0,0
727,Feux de Forêts,Gharb Chrarda Beni Hssen,26/07/2003,0,0,0
726,Feux de Forêts,Gharb Chrarda Beni Hssen,26/07/2003,0,0,0
725,Feux de Forêts,Gharb Chrarda Beni Hssen,25/07/2003,0,0,0
724,Feux de Forêts,Gharb Chrarda Beni Hssen,23/07/2003,0,0,0
723,Feux de Forêts,Gharb Chrarda Beni Hssen,22/07/2003,0,0,0
722,Feux de Forêts,Gharb Chrarda Beni Hssen,17/07/2003,0,0,0
721,Feux de Forêts,Gharb Chrarda Beni Hssen,03/07/2003,0,0,0
720,Feux de Forêts,Gharb Chrarda Beni Hssen,04/07/2003,0,0,0
719,Feux de Forêts,Gharb Chrarda Beni Hssen,03/07/2003,0,0,0
718,Feux de Forêts,Gharb Chrarda Beni Hssen,03/07/2003,0,0,0
717,Feux de Forêts,Gharb Chrarda Beni Hssen,20/06/2003,0,0,0
716,Feux de Forêts,Gharb Chrarda Beni Hssen,19/06/2003,0,0,0
715,Feux de Forêts,Gharb Chrarda Beni Hssen,15/06/2003,0,0,0
714,Feux de Forêts,Gharb Chrarda Beni Hssen,15/06/2003,0,0,0
713,Feux de Forêts,Gharb Chrarda Beni Hssen,13/06/2003,0,0,0
712,Feux de Forêts,Gharb Chrarda Beni Hssen,12/06/2003,0,0,0
711,Feux de Forêts,Gharb Chrarda Beni Hssen,12/06/2003,0,0,0
710,Feux de Forêts,Gharb Chrarda Beni Hssen,11/06/2003,0,0,0
709,Feux de Forêts,Gharb Chrarda Beni Hssen,06/06/2003,0,0,0
708,Feux de Forêts,Gharb Chrarda Beni Hssen,05/06/2003,0,0,0
707,Feux de Forêts,Gharb Chrarda Beni Hssen,01/06/2003,0,0,0
706,Feux de Forêts,Gharb Chrarda Beni Hssen,28/05/2003,0,0,0
705,Feux de Forêts,Gharb Chrarda Beni Hssen,26/05/2003,0,0,0
704,Feux de Forêts,Gharb Chrarda Beni Hssen,22/05/2003,0,0,0
703,Feux de Forêts,Gharb Chrarda Beni Hssen,22/05/2003,0,0,0
702,Tremblement de terre,Tadla Azilal,14/08/2003,0,0,0
701,Feux de Forêts,l Oriental,10/08/2003,0,0,0
700,Feux de Forêts,l Oriental,27/07/2003,0,0,0
699,Feux de Forêts,l Oriental,26/07/2003,0,0,0
698,Feux de Forêts,l Oriental,25/07/2003,0,0,0
697,Feux de Forêts,l Oriental,21/07/2003,0,0,0
696,Feux de Forêts,l Oriental,19/07/2003,0,0,0
695,Feux de Forêts,l Oriental,09/07/2003,0,0,0
694,Feux de Forêts,l Oriental,03/07/2003,0,0,0
693,Feux de Forêts,l Oriental,07/07/2003,0,0,0
692,Feux de Forêts,l Oriental,29/06/2003,0,0,0
691,Feux de Forêts,l Oriental,23/06/2003,0,0,0
690,Feux de Forêts,l Oriental,19/06/2003,0,0,0
689,Feux de Forêts,l Oriental,15/09/2003,0,0,0
688,Feux de Forêts,l Oriental,15/09/2003,0,0,0
687,Feux de Forêts,l Oriental,09/09/2003,0,0,0
686,Feux de Forêts,l Oriental,20/07/2003,0,0,0
685,Feux de Forêts,l Oriental,29/06/2003,0,0,0
684,Feux de Forêts,l Oriental,28/06/2003,0,0,0
683,Feux de Forêts,l Oriental,27/06/2003,0,0,0
682,Feux de Forêts,l Oriental,26/06/2003,0,0,0
681,Feux de Forêts,l Oriental,21/06/2003,0,0,0
679,Feux de Forêts,l Oriental,04/06/2003,0,0,0
678,Feux de Forêts,l Oriental,02/06/2003,0,0,0
677,Feux de Forêts,l Oriental,21/05/2003,0,0,0
676,Feux de Forêts,l Oriental,08/09/2003,0,0,0
675,Feux de Forêts,l Oriental,26/07/2003,0,0,0
674,Feux de Forêts,l Oriental,31/07/2003,0,0,0
673,Feux de Forêts,l Oriental,20/07/2003,0,0,0
672,Feux de Forêts,l Oriental,10/06/2003,0,0,0
671,Feux de Forêts,l Oriental,29/09/2003,0,0,0
670,Feux de Forêts,l Oriental,11/09/2003,0,0,0
669,Feux de Forêts,l Oriental,25/08/2003,0,0,0
668,Feux de Forêts,l Oriental,14/08/2003,0,0,0
667,Feux de Forêts,l Oriental,14/08/2003,0,0,0
666,Feux de Forêts,l Oriental,11/08/2003,0,0,0
665,Feux de Forêts,l Oriental,10/08/2003,0,0,0
664,Feux de Forêts,l Oriental,03/08/2003,0,0,0
663,Feux de Forêts,l Oriental,03/08/2003,0,0,0
662,Feux de Forêts,l Oriental,01/08/2003,0,0,0
661,Feux de Forêts,l Oriental,01/08/2003,0,0,0
660,Feux de Forêts,l Oriental,01/08/2003,0,0,0
659,Feux de Forêts,l Oriental,27/07/2003,0,0,0
658,Feux de Forêts,l Oriental,26/07/2003,0,0,0
657,Feux de Forêts,l Oriental,21/07/2003,0,0,0
656,Feux de Forêts,l Oriental,02/07/2003,0,0,0
655,Feux de Forêts,l Oriental,29/06/2003,0,0,0
654,Feux de Forêts,l Oriental,28/06/2003,0,0,0
653,Feux de Forêts,l Oriental,26/06/2003,0,0,0
652,Feux de Forêts,l Oriental,21/06/2003,0,0,0
651,Feux de Forêts,l Oriental,02/07/2003,0,0,0
650,Feux de Forêts,l Oriental,29/06/2003,0,0,0
649,Feux de Forêts,l Oriental,28/06/2003,0,0,0
648,Feux de Forêts,l Oriental,26/06/2003,0,0,0
647,Feux de Forêts,l Oriental,10/06/2003,0,0,0
646,Feux de Forêts,l Oriental,01/06/2003,0,0,0
645,Feux de Forêts,l Oriental,01/06/2003,0,0,0
644,Feux de Forêts,l Oriental,18/05/2003,0,0,0
643,Feux de Forêts,l Oriental,10/05/2003,0,0,0
642,Feux de Forêts,l Oriental,10/05/2003,0,0,0
641,Feux de Forêts,l Oriental,02/01/2003,0,0,0
640,Feux de Forêts,Taza Al Hoceima Taounate,02/09/2003,0,0,0
639,Feux de Forêts,Taza Al Hoceima Taounate,01/09/2003,0,0,0
638,Feux de Forêts,Taza Al Hoceima Taounate,30/08/2003,0,0,0
637,Feux de Forêts,Taza Al Hoceima Taounate,26/08/2003,0,0,0
636,Feux de Forêts,Taza Al Hoceima Taounate,18/08/2003,0,0,0
635,Feux de Forêts,Taza Al Hoceima Taounate,15/08/2003,0,0,0
634,Feux de Forêts,Taza Al Hoceima Taounate,02/08/2003,0,0,0
633,Feux de Forêts,Taza Al Hoceima Taounate,30/07/2003,0,0,0
632,Tremblement de terre,Taza Al Hoceima Taounate,30/07/2003,0,0,0
631,Feux de Forêts,Taza Al Hoceima Taounate,30/07/2003,0,0,0
630,Feux de Forêts,Taza Al Hoceima Taounate,20/07/2003,0,0,0
629,Feux de Forêts,Taza Al Hoceima Taounate,19/07/2003,0,0,0
628,Feux de Forêts,Taza Al Hoceima Taounate,17/07/2003,0,0,0
627,Feux de Forêts,Taza Al Hoceima Taounate,12/07/2003,0,0,0
626,Feux de Forêts,Taza Al Hoceima Taounate,07/07/2003,0,0,0
625,Feux de Forêts,Taza Al Hoceima Taounate,14/03/2003,0,0,0
624,Feux de Forêts,Taza Al Hoceima Taounate,29/09/2003,0,0,0
623,Feux de Forêts,Taza Al Hoceima Taounate,27/09/2003,0,0,0
622,Feux de Forêts,Taza Al Hoceima Taounate,17/09/2003,0,0,0
621,Feux de Forêts,Taza Al Hoceima Taounate,28/08/2003,0,0,0
620,Feux de Forêts,Taza Al Hoceima Taounate,25/08/2003,0,0,0
619,Feux de Forêts,Taza Al Hoceima Taounate,19/08/2003,0,0,0
618,Feux de Forêts,Taza Al Hoceima Taounate,13/08/2003,0,0,0
617,Feux de Forêts,Taza Al Hoceima Taounate,11/08/2003,0,0,0
616,Feux de Forêts,Taza Al Hoceima Taounate,29/07/2003,0,0,0
615,Feux de Forêts,Taza Al Hoceima Taounate,26/07/2003,0,0,0
614,Feux de Forêts,Taza Al Hoceima Taounate,10/07/2003,0,0,0
613,Feux de Forêts,Taza Al Hoceima Taounate,09/07/2003,0,0,0
612,Feux de Forêts,Taza Al Hoceima Taounate,30/09/2003,0,0,0
611,Feux de Forêts,Taza Al Hoceima Taounate,15/08/2003,0,0,0
610,Feux de Forêts,Taza Al Hoceima Taounate,12/08/2003,0,0,0
609,Feux de Forêts,Taza Al Hoceima Taounate,11/08/2003,0,0,0
608,Feux de Forêts,Taza Al Hoceima Taounate,18/07/2003,0,0,0
607,Feux de Forêts,Taza Al Hoceima Taounate,28/06/2003,0,0,0
606,Feux de Forêts,Taza Al Hoceima Taounate,22/06/2003,0,0,0
605,Feux de Forêts,Taza Al Hoceima Taounate,21/06/2003,0,0,0
604,Feux de Forêts,Taza Al Hoceima Taounate,20/06/2003,0,0,0
603,Feux de Forêts,Taza Al Hoceima Taounate,17/06/2003,0,0,0
602,Feux de Forêts,Taza Al Hoceima Taounate,09/06/2003,0,0,0
601,Feux de Forêts,Meknès Tafilalet,29/07/2003,0,0,0
600,Feux de Forêts,Meknès Tafilalet,18/09/2003,0,0,0
599,Feux de Forêts,Meknès Tafilalet,18/09/2003,0,0,0
598,Feux de Forêts,Meknès Tafilalet,02/09/2003,0,0,0
597,Feux de Forêts,Meknès Tafilalet,01/09/2003,0,0,0
596,Feux de Forêts,Meknès Tafilalet,09/08/2003,0,0,0
595,Feux de Forêts,Meknès Tafilalet,08/08/2003,0,0,0
594,Feux de Forêts,Meknès Tafilalet,28/07/2003,0,0,0
593,Feux de Forêts,Meknès Tafilalet,23/07/2003,0,0,0
592,Feux de Forêts,Meknès Tafilalet,21/07/2003,0,0,0
591,Feux de Forêts,Meknès Tafilalet,19/07/2003,0,0,0
590,Feux de Forêts,Meknès Tafilalet,24/06/2003,0,0,0
589,Feux de Forêts,Meknès Tafilalet,24/04/2003,0,0,0
588,Feux de Forêts,Meknès Tafilalet,07/10/2003,0,0,0
587,Feux de Forêts,Meknès Tafilalet,21/09/2003,0,0,0
585,Feux de Forêts,Meknès Tafilalet,15/09/2003,0,0,0
584,Feux de Forêts,Meknès Tafilalet,15/09/2003,0,0,0
583,Feux de Forêts,Meknès Tafilalet,13/09/2003,0,0,0
582,Feux de Forêts,Meknès Tafilalet,12/09/2003,0,0,0
581,Feux de Forêts,Meknès Tafilalet,10/09/2003,0,0,0
580,Feux de Forêts,Meknès Tafilalet,07/09/2003,0,0,0
579,Feux de Forêts,Meknès Tafilalet,05/09/2003,0,0,0
578,Feux de Forêts,Meknès Tafilalet,04/09/2003,0,0,0
577,Feux de Forêts,Meknès Tafilalet,02/09/2003,0,0,0
576,Feux de Forêts,Meknès Tafilalet,26/08/2003,0,0,0
575,Feux de Forêts,Meknès Tafilalet,17/08/2003,0,0,0
574,Feux de Forêts,Meknès Tafilalet,15/08/2003,0,0,0
573,Feux de Forêts,Meknès Tafilalet,12/08/2003,0,0,0
572,Feux de Forêts,Meknès Tafilalet,12/08/2003,0,0,0
571,Feux de Forêts,Meknès Tafilalet,06/08/2003,0,0,0
570,Feux de Forêts,Meknès Tafilalet,30/07/2003,0,0,0
569,Feux de Forêts,Meknès Tafilalet,30/06/2003,0,0,0
568,Feux de Forêts,Meknès Tafilalet,29/06/2003,0,0,0
567,Feux de Forêts,Meknès Tafilalet,26/07/2003,0,0,0
566,Feux de Forêts,Meknès Tafilalet,25/07/2003,0,0,0
565,Feux de Forêts,Meknès Tafilalet,17/07/2003,0,0,0
564,Feux de Forêts,Meknès Tafilalet,17/07/2003,0,0,0
563,Feux de Forêts,Meknès Tafilalet,17/07/2003,0,0,0
562,Feux de Forêts,Meknès Tafilalet,12/07/2003,0,0,0
561,Feux de Forêts,Meknès Tafilalet,12/07/2003,0,0,0
560,Feux de Forêts,Meknès Tafilalet,11/07/2003,0,0,0
559,Feux de Forêts,Meknès Tafilalet,11/07/2003,0,0,0
558,Feux de Forêts,Meknès Tafilalet,02/07/2003,0,0,0
557,Feux de Forêts,Meknès Tafilalet,02/07/2003,0,0,0
556,Feux de Forêts,Meknès Tafilalet,10/06/2003,0,0,0
555,Feux de Forêts,Meknès Tafilalet,11/03/2003,0,0,0
554,Feux de Forêts,Meknès Tafilalet,20/03/2003,0,0,0
553,Feux de Forêts,Meknès Tafilalet,02/07/2003,0,0,0
552,Feux de Forêts,Doukkala Abda,01/07/2003,0,0,0
551,Feux de Forêts,Marrakech Tensift Al-Haouz,16/09/2003,0,0,0
550,Feux de Forêts,Marrakech Tensift Al-Haouz,23/08/2003,0,0,0
549,Feux de Forêts,Marrakech Tensift Al-Haouz,17/08/2003,0,0,0
548,Feux de Forêts,Marrakech Tensift Al-Haouz,20/06/2003,0,0,0
547,Feux de Forêts,Marrakech Tensift Al-Haouz,25/05/2003,0,0,0
546,Feux de Forêts,Fès Boulemane,23/09/2003,0,0,0
545,Feux de Forêts,Fès Boulemane,10/09/2003,0,0,0
544,Feux de Forêts,Fès Boulemane,21/08/2003,0,0,0
543,Feux de Forêts,Fès Boulemane,01/08/2003,0,0,0
542,Feux de Forêts,Fès Boulemane,29/07/2003,0,0,0
541,Feux de Forêts,Fès Boulemane,28/07/2003,0,0,0
540,Feux de Forêts,Fès Boulemane,28/07/2003,0,0,0
539,Feux de Forêts,Fès Boulemane,25/07/2003,0,0,0
538,Feux de Forêts,Fès Boulemane,22/07/2003,0,0,0
537,Feux de Forêts,Fès Boulemane,12/07/2003,0,0,0
536,Feux de Forêts,Fès Boulemane,11/07/2003,0,0,0
535,Feux de Forêts,Fès Boulemane,19/06/2003,0,0,0
534,Feux de Forêts,Fès Boulemane,14/09/2003,0,0,0
533,Feux de Forêts,Fès Boulemane,20/07/2003,0,0,0
532,Feux de Forêts,Fès Boulemane,18/07/2003,0,0,0
531,Feux de Forêts,Fès Boulemane,17/07/2003,0,0,0
530,Feux de Forêts,Fès Boulemane,07/07/2003,0,0,0
529,Feux de Forêts,Fès Boulemane,24/06/2003,0,0,0
528,Feux de Forêts,Fès Boulemane,15/06/2003,0,0,0
527,Feux de Forêts,Fès Boulemane,08/06/2003,0,0,0
526,Feux de Forêts,Tadla Azilal,23/08/2003,0,0,0
525,Feux de Forêts,Tadla Azilal,12/08/2003,0,0,0
524,Feux de Forêts,Tadla Azilal,02/08/2003,0,0,0
523,Feux de Forêts,Tadla Azilal,01/08/2003,0,0,0
522,Feux de Forêts,Tadla Azilal,28/05/2003,0,0,0
521,Feux de Forêts,Chaouia Ouardigha,17/09/2003,0,0,0
520,Feux de Forêts,Chaouia Ouardigha,16/09/2003,0,0,0
519,Feux de Forêts,Chaouia Ouardigha,08/08/2003,0,0,0
518,Feux de Forêts,Chaouia Ouardigha,02/07/2003,0,0,0
517,Feux de Forêts,Chaouia Ouardigha,18/06/2003,0,0,0
516,Feux de Forêts,Chaouia Ouardigha,27/05/2003,0,0,0
515,Feux de Forêts,Chaouia Ouardigha,23/05/2003,0,0,0
514,Feux de Forêts,Chaouia Ouardigha,23/05/2003,0,0,0
513,Feux de Forêts,Chaouia Ouardigha,08/09/2003,0,0,0
512,Feux de Forêts,Chaouia Ouardigha,14/08/2003,0,0,0
511,Feux de Forêts,Chaouia Ouardigha,04/07/2003,0,0,0
510,Feux de Forêts,Chaouia Ouardigha,29/06/2003,0,0,0
509,Feux de Forêts,Chaouia Ouardigha,12/06/2003,0,0,0
508,Feux de Forêts,Chaouia Ouardigha,09/06/2003,0,0,0
507,Feux de Forêts,Chaouia Ouardigha,06/06/2003,0,0,0
506,Feux de Forêts,Chaouia Ouardigha,19/05/2003,0,0,0
505,Feux de Forêts,Chaouia Ouardigha,02/05/2003,0,0,0
504,Feux de Forêts,Grand Casablanca,06/08/2003,0,0,0
503,Feux de Forêts,Tadla Azilal,30/09/2003,0,0,0
502,Feux de Forêts,Tadla Azilal,30/09/2003,0,0,0
501,Feux de Forêts,Tadla Azilal,02/09/2003,0,0,0
500,Feux de Forêts,Tadla Azilal,29/08/2003,0,0,0
499,Feux de Forêts,Tadla Azilal,20/07/2003,0,0,0
498,Feux de Forêts,Tadla Azilal,14/07/2003,0,0,0
497,Feux de Forêts,Tadla Azilal,30/06/2003,0,0,0
496,Feux de Forêts,Tanger Tétouan,14/09/2003,0,0,0
495,Feux de Forêts,Tanger Tétouan,25/09/2003,0,0,0
494,Feux de Forêts,Tanger Tétouan,24/08/2003,0,0,0
493,Feux de Forêts,Tanger Tétouan,20/09/2003,0,0,0
492,Feux de Forêts,Tanger Tétouan,20/09/2003,0,0,0
491,Feux de Forêts,Tanger Tétouan,16/09/2003,0,0,0
490,Feux de Forêts,Tanger Tétouan,12/09/2003,0,0,0
489,Feux de Forêts,Tanger Tétouan,24/08/2003,0,0,0
488,Feux de Forêts,Tanger Tétouan,22/08/2003,0,0,0
487,Feux de Forêts,Tanger Tétouan,21/08/2003,0,0,0
486,Feux de Forêts,Tanger Tétouan,13/08/2003,0,0,0
485,Feux de Forêts,Tanger Tétouan,13/08/2003,0,0,0
484,Feux de Forêts,Tanger Tétouan,07/08/2003,0,0,0
483,Feux de Forêts,Tanger Tétouan,05/08/2003,0,0,0
482,Feux de Forêts,Tanger Tétouan,04/08/2003,0,0,0
481,Feux de Forêts,Tanger Tétouan,03/08/2003,0,0,0
480,Feux de Forêts,Tanger Tétouan,01/08/2003,0,0,0
479,Feux de Forêts,Tanger Tétouan,31/07/2003,0,0,0
478,Feux de Forêts,Tanger Tétouan,24/07/2003,0,0,0
477,Feux de Forêts,Tanger Tétouan,24/07/2003,0,0,0
476,Feux de Forêts,Tanger Tétouan,23/07/2003,0,0,0
475,Feux de Forêts,Tanger Tétouan,19/07/2003,0,0,0
474,Feux de Forêts,Tanger Tétouan,01/07/2003,0,0,0
473,Feux de Forêts,Tanger Tétouan,30/08/2003,0,0,0
472,Feux de Forêts,Tanger Tétouan,29/06/2003,0,0,0
471,Feux de Forêts,Tanger Tétouan,26/06/2003,0,0,0
470,Feux de Forêts,Tanger Tétouan,19/08/2003,0,0,0
469,Feux de Forêts,Tanger Tétouan,12/06/2003,0,0,0
468,Feux de Forêts,Tanger Tétouan,26/05/2003,0,0,0
467,Feux de Forêts,Tanger Tétouan,23/08/2003,0,0,0
466,Feux de Forêts,Tanger Tétouan,24/08/2003,0,0,0
465,Feux de Forêts,Tanger Tétouan,23/08/2003,0,0,0
464,Feux de Forêts,Tanger Tétouan,23/08/2003,0,0,0
463,Feux de Forêts,Tanger Tétouan,18/08/2003,0,0,0
462,Feux de Forêts,Tanger Tétouan,18/08/2003,0,0,0
461,Feux de Forêts,Tanger Tétouan,18/08/2003,0,0,0
460,Feux,Tanger Tétouan,16/08/2003,0,0,0
459,Feux de Forêts,Tanger Tétouan,13/08/2003,0,0,0
458,Feux de Forêts,Tanger Tétouan,29/07/2003,0,0,0
457,Feux de Forêts,Tanger Tétouan,28/07/2003,0,0,0
456,Feux de Forêts,Tanger Tétouan,27/07/2003,0,0,0
455,Feux de Forêts,Tanger Tétouan,23/07/2003,0,0,0
454,Feux de Forêts,Tanger Tétouan,23/07/2003,0,0,0
453,Feux de Forêts,Tanger Tétouan,23/07/2003,0,0,0
452,Feux de Forêts,Tanger Tétouan,22/07/2003,0,0,0
451,Feux de Forêts,Tanger Tétouan,20/07/2003,0,0,0
450,Feux de Forêts,Tanger Tétouan,16/07/2003,0,0,0
449,Feux de Forêts,Tanger Tétouan,28/06/2003,0,0,0
448,Feux de Forêts,Tanger Tétouan,28/06/2003,0,0,0
447,Feux de Forêts,Tanger Tétouan,26/06/2003,0,0,0
446,Feux de Forêts,Tanger Tétouan,01/06/2003,0,0,0
445,Feux de Forêts,Tanger Tétouan,25/05/2003,0,0,0
444,Feux de Forêts,Tanger Tétouan,24/09/2003,0,0,0
443,Feux de Forêts,Tanger Tétouan,27/09/2003,0,0,0
442,Feux de Forêts,Tanger Tétouan,20/09/2003,0,0,0
441,Feux de Forêts,Tanger Tétouan,17/09/2003,0,0,0
440,Feux de Forêts,Tanger Tétouan,11/09/2003,0,0,0
439,Feux de Forêts,Tanger Tétouan,01/09/2003,0,0,0
438,Feux de Forêts,Tanger Tétouan,31/08/2003,0,0,0
437,Feux de Forêts,Tanger Tétouan,29/08/2003,0,0,0
435,Feux de Forêts,Tanger Tétouan,24/08/2003,0,0,0
434,Feux de Forêts,Tanger Tétouan,20/08/2003,0,0,0
433,Feux de Forêts,Tanger Tétouan,18/08/2003,0,0,0
432,Feux de Forêts,Tanger Tétouan,17/08/2003,0,0,0
431,Feux de Forêts,Tanger Tétouan,16/08/2003,0,0,0
430,Feux de Forêts,Tanger Tétouan,16/08/2003,0,0,0
429,Feux de Forêts,Tanger Tétouan,14/08/2003,0,0,0
428,Feux de Forêts,Tanger Tétouan,04/08/2003,0,0,0
427,Feux de Forêts,Tanger Tétouan,04/08/2003,0,0,0
426,Feux de Forêts,Tanger Tétouan,03/08/2003,0,0,0
425,Feux de Forêts,Tanger Tétouan,01/08/2003,0,0,0
424,Feux de Forêts,Tanger Tétouan,01/08/2003,0,0,0
423,Feux de Forêts,Tanger Tétouan,31/07/2003,0,0,0
422,Feux de Forêts,Tanger Tétouan,30/07/2003,0,0,0
421,Feux de Forêts,Tanger Tétouan,29/07/2003,0,0,0
420,Feux de Forêts,Tanger Tétouan,28/07/2003,0,0,0
419,Feux de Forêts,Tanger Tétouan,27/07/2003,0,0,0
418,Feux de Forêts,Tanger Tétouan,27/07/2003,0,0,0
417,Feux de Forêts,Tanger Tétouan,19/07/2003,0,0,0
416,Feux de Forêts,Tanger Tétouan,19/07/2003,0,0,0
415,Feux de Forêts,Tanger Tétouan,17/07/2003,0,0,0
414,Feux de Forêts,Tanger Tétouan,15/07/2003,0,0,0
413,Feux de Forêts,Tanger Tétouan,12/07/2003,0,0,0
412,Feux de Forêts,Tanger Tétouan,19/06/2003,0,0,0
411,Feux de Forêts,Tanger Tétouan,18/06/2003,0,0,0
410,Feux de Forêts,Tanger Tétouan,15/03/2003,0,0,0
409,Feux de Forêts,Tanger Tétouan,15/03/2003,0,0,0
408,Feux de Forêts,Tanger Tétouan,13/03/2003,0,0,0
407,Feux de Forêts,Tanger Tétouan,15/09/2003,0,0,0
406,Feux de Forêts,Tanger Tétouan,15/09/2003,0,0,0
405,Feux de Forêts,Tanger Tétouan,14/08/2003,0,0,0
404,Feux de Forêts,Tanger Tétouan,11/08/2003,0,0,0
403,Feux de Forêts,Tanger Tétouan,10/08/2003,0,0,0
402,Feux de Forêts,Tanger Tétouan,09/08/2003,0,0,0
401,Feux de Forêts,Tanger Tétouan,04/08/2003,0,0,0
400,Feux de Forêts,Tanger Tétouan,02/08/2003,0,0,0
399,Feux de Forêts,Tanger Tétouan,01/08/2003,0,0,0
398,Feux de Forêts,Tanger Tétouan,01/08/2003,0,0,0
397,Feux de Forêts,Tanger Tétouan,01/08/2003,0,0,0
396,Feux de Forêts,Tanger Tétouan,21/07/2003,0,0,0
395,Feux de Forêts,Tanger Tétouan,19/07/2003,0,0,0
394,Feux de Forêts,Tanger Tétouan,19/07/2003,0,0,0
393,Feux de Forêts,Tanger Tétouan,18/07/2003,0,0,0
392,Feux de Forêts,Tanger Tétouan,16/07/2003,0,0,0
391,Feux de Forêts,Tanger Tétouan,02/07/2003,0,0,0
390,Feux de Forêts,Tanger Tétouan,02/07/2003,0,0,0
389,Feux de Forêts,Tanger Tétouan,28/06/2003,0,0,0
388,Feux de Forêts,Tanger Tétouan,21/06/2003,0,0,0
387,Feux de Forêts,Tanger Tétouan,16/06/2003,0,0,0
386,Feux de Forêts,Tanger Tétouan,11/06/2003,0,0,0
385,Feux de Forêts,Tanger Tétouan,28/05/2003,0,0,0
384,Feux de Forêts,Tanger Tétouan,25/05/2003,0,0,0
383,Tremblement de terre,Tanger Tétouan,23/05/2003,0,0,0
382,Feux de Forêts,Souss Massa Draa,29/07/2003,0,0,0
381,Feux de Forêts,Souss Massa Draa,25/07/2003,0,0,0
380,Feux de Forêts,Souss Massa Draa,23/05/2003,0,0,0
379,Feux de Forêts,Souss Massa Draa,22/05/2003,0,0,0
378,Feux de Forêts,Souss Massa Draa,04/03/2003,0,0,0
377,Feux de Forêts,Souss Massa Draa,17/08/2003,0,0,0
376,Feux de Forêts,Souss Massa Draa,29/07/2003,0,0,0
375,Feux de Forêts,Souss Massa Draa,05/05/2003,0,0,0
373,Inondation,Rabat Salé Zemmour Zear,18/01/2014,0,0,0
372,Inondation,Grand Casablanca,20/01/2014,0,0,0
370,Feux de Forêts,Souss Massa Draa,07/01/2014,0,0,0
369,Inondation,Doukkala Abda,07/01/2014,0,0,0
368,Inondation,Doukkala Abda,07/01/2014,0,0,0
367,Inondation,Rabat Salé Zemmour Zear,07/01/2014,0,0,0
366,Inondation,Rabat Salé Zemmour Zear,07/01/2014,0,0,0
365,Inondation,Rabat Salé Zemmour Zear,07/01/2014,0,0,0
364,Inondation,Rabat Salé Zemmour Zear,07/01/2014,0,0,0
363,Inondation,Rabat Salé Zemmour Zear,07/01/2014,0,0,0
362,Inondation,Grand Casablanca,07/01/2014,0,0,0
361,Inondation,Grand Casablanca,07/01/2014,0,0,0
360,Inondation,Grand Casablanca,07/01/2014,0,0,0
359,Inondation,Grand Casablanca,07/01/2014,0,0,0
358,Inondation,Grand Casablanca,07/01/2014,0,0,0
356,Feux de Forêts,Doukkala Abda,24/05/2002,0,0,0
355,Feux de Forêts,Marrakech Tensift Al-Haouz,09/02/2002,0,0,0
354,Feux de Forêts,Marrakech Tensift Al-Haouz,29/07/2002,0,0,0
353,Feux de Forêts,Marrakech Tensift Al-Haouz,16/06/2002,0,0,0
352,Feux de Forêts,Marrakech Tensift Al-Haouz,23/06/2002,0,0,0
351,Feux de Forêts,Marrakech Tensift Al-Haouz,04/07/2002,0,0,0
349,Feux de Forêts,Marrakech Tensift Al-Haouz,11/07/2002,0,0,0
348,Feux de Forêts,Marrakech Tensift Al-Haouz,16/07/2002,0,0,0
347,Feux de Forêts,Marrakech Tensift Al-Haouz,20/07/2002,0,0,0
346,Feux de Forêts,Marrakech Tensift Al-Haouz,25/07/2002,0,0,0
345,Feux de Forêts,Tadla Azilal,21/08/2002,0,0,0
344,Feux de Forêts,Tadla Azilal,26/09/2002,0,0,0
343,Feux de Forêts,Chaouia Ouardigha,23/07/2002,0,0,0
342,Feux de Forêts,Chaouia Ouardigha,21/08/2002,0,0,0
341,Feux de Forêts,Tadla Azilal,25/08/2002,0,0,0
340,Feux de Forêts,Tadla Azilal,25/06/2002,0,0,0
338,Feux de Forêts,Tadla Azilal,18/06/2002,0,0,0
337,Feux de Forêts,Chaouia Ouardigha,30/07/2002,0,0,0
336,Feux de Forêts,Chaouia Ouardigha,28/06/2002,0,0,0
335,Feux de Forêts,Fès Boulemane,07/07/2002,0,0,0
334,Feux de Forêts,Fès Boulemane,25/04/2002,0,0,0
333,Feux de Forêts,Fès Boulemane,30/05/2002,0,0,0
332,Feux de Forêts,Meknès Tafilalet,30/05/2002,0,0,0
331,Feux de Forêts,Meknès Tafilalet,16/07/2002,0,0,0
330,Feux de Forêts,Meknès Tafilalet,29/07/2002,0,0,0
329,Feux de Forêts,Meknès Tafilalet,04/08/2002,0,0,0
328,Feux de Forêts,Meknès Tafilalet,02/08/2002,0,0,0
327,Feux de Forêts,Meknès Tafilalet,12/08/2002,0,0,0
326,Feux de Forêts,Meknès Tafilalet,19/08/2002,0,0,0
325,Feux de Forêts,Meknès Tafilalet,29/08/2002,0,0,0
324,Feux de Forêts,Meknès Tafilalet,31/08/2002,0,0,0
323,Feux de Forêts,Meknès Tafilalet,17/06/2002,0,0,0
322,Feux de Forêts,Meknès Tafilalet,28/05/2002,0,0,0
321,Feux de Forêts,Meknès Tafilalet,17/05/2002,0,0,0
320,Feux de Forêts,Meknès Tafilalet,21/11/2002,0,0,0
319,Feux de Forêts,Meknès Tafilalet,02/09/2002,0,0,0
318,Feux de Forêts,Meknès Tafilalet,27/08/2002,0,0,0
317,Feux de Forêts,Meknès Tafilalet,20/07/2002,0,0,0
315,Feux de Forêts,Meknès Tafilalet,02/06/2002,0,0,0
313,Feux de Forêts,Meknès Tafilalet,26/06/2002,0,0,0
311,Feux de Forêts,Meknès Tafilalet,15/03/2002,0,0,0
310,Feux de Forêts,Meknès Tafilalet,20/03/2002,0,0,0
316,Feux de Forêts,Meknès Tafilalet,17/07/2002,0,0,0
307,Feux de Forêts,Meknès Tafilalet,07/07/2002,0,0,0
306,Feux de Forêts,Meknès Tafilalet,02/07/2002,0,0,0
305,Feux de Forêts,Meknès Tafilalet,02/07/2002,0,0,0
304,Feux de Forêts,Meknès Tafilalet,07/07/2002,0,0,0
303,Feux de Forêts,Meknès Tafilalet,21/07/2002,0,0,0
302,Feux de Forêts,Meknès Tafilalet,29/07/2002,0,0,0
301,Feux de Forêts,Meknès Tafilalet,01/08/2002,0,0,0
300,Feux de Forêts,Meknès Tafilalet,08/08/2002,0,0,0
299,Feux de Forêts,Meknès Tafilalet,14/08/2002,0,0,0
298,Feux de Forêts,Meknès Tafilalet,18/08/2002,0,0,0
297,Feux de Forêts,Meknès Tafilalet,31/08/2002,0,0,0
296,Feux de Forêts,Meknès Tafilalet,10/11/2002,0,0,0
295,Feux de Forêts,Rabat Salé Zemmour Zear,09/02/2002,0,0,0
294,Feux de Forêts,Rabat Salé Zemmour Zear,20/05/2002,0,0,0
293,Feux de Forêts,Rabat Salé Zemmour Zear,26/08/2002,0,0,0
292,Feux de Forêts,Rabat Salé Zemmour Zear,02/07/2002,0,0,0
291,Feux de Forêts,Gharb Chrarda Beni Hssen,28/06/2002,0,0,0
290,Feux de Forêts,Gharb Chrarda Beni Hssen,12/05/2002,0,0,0
289,Feux de Forêts,Gharb Chrarda Beni Hssen,12/05/2002,0,0,0
288,Feux de Forêts,Gharb Chrarda Beni Hssen,01/09/2002,0,0,0
287,Feux de Forêts,Gharb Chrarda Beni Hssen,28/09/2002,0,0,0
286,Feux de Forêts,Gharb Chrarda Beni Hssen,25/10/2002,0,0,0
285,Feux de Forêts,Taza Al Hoceima Taounate,25/03/2002,0,0,0
284,Feux de Forêts,Taza Al Hoceima Taounate,26/03/2002,0,0,0
283,Feux de Forêts,Taza Al Hoceima Taounate,06/06/2002,0,0,0
282,Feux de Forêts,Taza Al Hoceima Taounate,07/07/2002,0,0,0
281,Feux de Forêts,Taza Al Hoceima Taounate,08/09/2002,0,0,0
280,Feux de Forêts,Taza Al Hoceima Taounate,09/09/2002,0,0,0
279,Feux de Forêts,Taza Al Hoceima Taounate,14/09/2002,0,0,0
278,Feux de Forêts,Taza Al Hoceima Taounate,15/09/2002,0,0,0
277,Feux de Forêts,Taza Al Hoceima Taounate,30/09/2002,0,0,0
276,Feux de Forêts,Taza Al Hoceima Taounate,03/09/2002,0,0,0
275,Feux de Forêts,Taza Al Hoceima Taounate,23/09/2002,0,0,0
274,Feux de Forêts,Taza Al Hoceima Taounate,30/09/2002,0,0,0
272,Feux de Forêts,Taza Al Hoceima Taounate,03/03/2002,0,0,0
271,Feux de Forêts,Taza Al Hoceima Taounate,26/06/2002,0,0,0
270,Feux de Forêts,Taza Al Hoceima Taounate,13/06/2002,0,0,0
269,Feux de Forêts,Taza Al Hoceima Taounate,29/06/2002,0,0,0
268,Feux de Forêts,Taza Al Hoceima Taounate,14/08/2002,0,0,0
267,Feux de Forêts,Taza Al Hoceima Taounate,07/09/2002,0,0,0
266,Feux de Forêts,Taza Al Hoceima Taounate,15/09/2002,0,0,0
265,Feux de Forêts,Taza Al Hoceima Taounate,30/09/2002,0,0,0
264,Feux de Forêts,Taza Al Hoceima Taounate,06/01/2002,0,0,0
263,Feux de Forêts,Taza Al Hoceima Taounate,20/07/2002,0,0,0
262,Feux de Forêts,Taza Al Hoceima Taounate,20/07/2002,0,0,0
261,Feux de Forêts,Taza Al Hoceima Taounate,08/08/2002,0,0,0
260,Feux de Forêts,Taza Al Hoceima Taounate,19/09/2002,0,0,0
259,Feux de Forêts,l Oriental,28/04/2002,0,0,0
258,Feux de Forêts,l Oriental,13/07/2002,0,0,0
257,Feux de Forêts,l Oriental,06/04/2002,0,0,0
256,Feux de Forêts,l Oriental,29/06/2002,0,0,0
255,Feux de Forêts,l Oriental,09/02/2002,0,0,0
254,Feux de Forêts,l Oriental,29/06/2002,0,0,0
253,Feux de Forêts,l Oriental,09/02/2002,0,0,0
252,Feux de Forêts,l Oriental,21/06/2002,0,0,0
251,Feux de Forêts,l Oriental,23/06/2002,0,0,0
250,Feux de Forêts,l Oriental,29/06/2002,0,0,0
249,Feux de Forêts,l Oriental,13/07/2002,0,0,0
248,Feux de Forêts,l Oriental,19/07/2002,0,0,0
247,Feux de Forêts,l Oriental,24/07/2002,0,0,0
246,Feux de Forêts,l Oriental,01/08/2002,0,0,0
245,Feux de Forêts,l Oriental,03/08/2002,0,0,0
244,Feux de Forêts,l Oriental,05/08/2002,0,0,0
243,Feux de Forêts,l Oriental,10/08/2002,0,0,0
242,Feux de Forêts,l Oriental,10/08/2002,0,0,0
241,Feux de Forêts,l Oriental,12/08/2002,0,0,0
240,Feux de Forêts,l Oriental,22/08/2002,0,0,0
239,Feux de Forêts,l Oriental,04/09/2002,0,0,0
238,Feux de Forêts,l Oriental,06/09/2002,0,0,0
237,Feux de Forêts,l Oriental,29/09/2002,0,0,0
236,Feux de Forêts,l Oriental,03/11/2002,0,0,0
235,Feux de Forêts,l Oriental,06/11/2002,0,0,0
234,Feux de Forêts,l Oriental,09/11/2002,0,0,0
233,Feux de Forêts,l Oriental,09/11/2002,0,0,0
232,Feux de Forêts,Tanger Tétouan,13/09/2002,0,0,0
231,Feux de Forêts,Tanger Tétouan,09/12/2002,0,0,0
230,Feux de Forêts,Tanger Tétouan,11/11/2002,0,0,0
229,Feux de Forêts,Tanger Tétouan,08/11/2002,0,0,0
228,Feux de Forêts,Tanger Tétouan,01/11/2002,0,0,0
227,Feux de Forêts,Tanger Tétouan,14/09/2002,0,0,0
226,Feux de Forêts,Tanger Tétouan,09/09/2002,0,0,0
225,Feux de Forêts,Tanger Tétouan,07/09/2002,0,0,0
224,Feux de Forêts,Tanger Tétouan,05/09/2002,0,0,0
223,Feux de Forêts,Tanger Tétouan,04/09/2002,0,0,0
222,Feux de Forêts,Tanger Tétouan,03/09/2002,0,0,0
221,Feux de Forêts,Tanger Tétouan,02/09/2002,0,0,0
220,Feux de Forêts,Tanger Tétouan,31/08/2002,0,0,0
219,Feux de Forêts,Tanger Tétouan,28/08/2002,0,0,0
218,Feux de Forêts,Tanger Tétouan,28/08/2002,0,0,0
217,Feux de Forêts,Tanger Tétouan,15/08/2002,0,0,0
216,Feux de Forêts,Tanger Tétouan,12/08/2002,0,0,0
8,Feux de Forêts,Tanger Tétouan,11/08/2002,0,0,0
214,Feux de Forêts,Tanger Tétouan,07/08/2002,0,0,0
213,Feux de Forêts,Tanger Tétouan,06/08/2002,0,0,0
212,Feux de Forêts,Tanger Tétouan,04/08/2002,0,0,0
211,Feux de Forêts,Tanger Tétouan,30/07/2002,0,0,0
210,Feux de Forêts,Tanger Tétouan,30/07/2002,0,0,0
209,Feux de Forêts,Tanger Tétouan,24/07/2002,0,0,0
208,Feux de Forêts,Tanger Tétouan,24/07/2002,0,0,0
207,Feux de Forêts,Tanger Tétouan,22/07/2002,0,0,0
206,Feux de Forêts,Tanger Tétouan,17/07/2002,0,0,0
205,Feux de Forêts,Tanger Tétouan,22/07/2002,0,0,0
204,Feux de Forêts,Tanger Tétouan,12/07/2002,0,0,0
203,Feux de Forêts,Tanger Tétouan,05/07/2002,0,0,0
202,Feux de Forêts,Tanger Tétouan,30/06/2002,0,0,0
201,Feux de Forêts,Tanger Tétouan,28/06/2002,0,0,0
200,Feux de Forêts,Tanger Tétouan,17/06/2002,0,0,0
199,Feux de Forêts,Tanger Tétouan,07/06/2002,0,0,0
198,Feux de Forêts,Tanger Tétouan,26/05/2002,0,0,0
197,Feux de Forêts,Tanger Tétouan,26/05/2002,0,0,0
196,Feux de Forêts,Tanger Tétouan,25/05/2002,0,0,0
195,Feux de Forêts,Tanger Tétouan,19/05/2002,0,0,0
194,Feux de Forêts,Tanger Tétouan,21/04/2002,0,0,0
193,Feux de Forêts,Tanger Tétouan,26/03/2002,0,0,0
192,Feux de Forêts,Tanger Tétouan,21/08/2002,0,0,0
191,Feux de Forêts,Tanger Tétouan,06/02/2002,0,0,0
190,Feux de Forêts,Tanger Tétouan,18/09/2002,0,0,0
189,Feux de Forêts,Tanger Tétouan,16/09/2002,0,0,0
188,Feux de Forêts,Tanger Tétouan,12/09/2002,0,0,0
187,Feux de Forêts,Tanger Tétouan,07/09/2002,0,0,0
186,Feux de Forêts,Tanger Tétouan,07/08/2002,0,0,0
185,Feux de Forêts,Tanger Tétouan,04/08/2002,0,0,0
184,Feux de Forêts,Tanger Tétouan,27/06/2002,0,0,0
183,Feux de Forêts,Tanger Tétouan,09/06/2002,0,0,0
182,Feux de Forêts,Tanger Tétouan,16/01/2002,0,0,0
181,Feux de Forêts,Tanger Tétouan,26/07/2002,0,0,0
180,Feux de Forêts,Tanger Tétouan,23/07/2002,0,0,0
179,Feux de Forêts,Tanger Tétouan,08/12/2002,0,0,0
178,Feux de Forêts,Tanger Tétouan,08/12/2002,0,0,0
177,Feux de Forêts,Tanger Tétouan,12/07/2002,0,0,0
176,Feux de Forêts,Tanger Tétouan,13/07/2002,0,0,0
175,Feux de Forêts,Tanger Tétouan,30/07/2002,0,0,0
174,Feux de Forêts,Tanger Tétouan,01/07/2002,0,0,0
173,Feux de Forêts,Tanger Tétouan,26/07/2002,0,0,0
172,Feux de Forêts,Tanger Tétouan,25/02/2002,0,0,0
171,Feux de Forêts,Tanger Tétouan,25/07/2002,0,0,0
170,Feux de Forêts,Tanger Tétouan,15/02/2002,0,0,0
169,Feux de Forêts,Tanger Tétouan,10/02/2002,0,0,0
168,Feux de Forêts,Tanger Tétouan,21/06/2002,0,0,0
167,Feux de Forêts,Tanger Tétouan,14/07/2002,0,0,0
166,Feux de Forêts,Tanger Tétouan,14/09/2002,0,0,0
165,Feux de Forêts,Tanger Tétouan,16/08/2002,0,0,0
8,Feux de Forêts,Tanger Tétouan,15/08/2002,0,0,0
163,Feux de Forêts,Tanger Tétouan,28/08/2002,0,0,0
162,Feux de Forêts,Tanger Tétouan,31/08/2002,0,0,0
161,Feux de Forêts,Tanger Tétouan,01/01/2002,0,0,0
160,Feux de Forêts,Tanger Tétouan,14/09/2002,0,0,0
159,Feux de Forêts,Tanger Tétouan,10/09/2002,0,0,0
158,Feux de Forêts,Tanger Tétouan,19/08/2002,0,0,0
157,Feux de Forêts,Tanger Tétouan,03/09/2002,0,0,0
156,Feux de Forêts,Tanger Tétouan,02/09/2002,0,0,0
155,Feux de Forêts,Tanger Tétouan,20/09/2002,0,0,0
154,Feux de Forêts,Tanger Tétouan,17/01/2002,0,0,0
153,Feux de Forêts,Tanger Tétouan,17/07/2002,0,0,0
152,Feux de Forêts,Tanger Tétouan,21/07/2002,0,0,0
133,Feux de Forêts,Tanger Tétouan,12/08/2009,0,0,0
132,Feux de Forêts,Meknès Tafilalet,28/07/2009,0,0,26000
131,Feux de Forêts,Meknès Tafilalet,04/06/2009,0,0,10000
130,Feux de Forêts,Tanger Tétouan,01/08/2008,0,0,0
129,Feux,Grand Casablanca,08/04/2008,0,0,450000
151,Feux de Forêts,Tanger Tétouan,26/07/2002,0,0,0
127,Feux de Forêts,Grand Casablanca,08/11/2007,0,0,300000
126,Feux de Forêts,Tanger Tétouan,23/01/2007,0,0,350000
125,Feux de Forêts,Grand Casablanca,17/01/2007,0,0,450000
124,Feux de Forêts,Tanger Tétouan,08/09/2006,0,0,550000
123,Feux de Forêts,Tanger Tétouan,30/06/2006,0,0,450000
122,Feux de Forêts,Taza Al Hoceima Taounate,10/06/2005,0,0,150000
121,Feux,Rabat Salé Zemmour Zear,11/04/2005,0,0,0
120,Feux de Forêts,Tanger Tétouan,08/08/2003,0,0,0
150,Feux de Forêts,Tanger Tétouan,29/07/2002,0,0,0
149,Feux de Forêts,Tanger Tétouan,18/08/2002,0,0,0
148,Feux de Forêts,Tanger Tétouan,08/08/2002,0,0,0
119,Feux de Forêts,l Oriental,29/07/2003,0,0,34000
118,Feux de Forêts,Tanger Tétouan,19/07/2003,0,0,70000
117,Feux de Forêts,Souss Massa Draa,10/07/2003,0,0,750000
116,Feux de Forêts,Tanger Tétouan,19/06/2003,0,0,0
115,Feux de Forêts,Gharb Chrarda Beni Hssen,28/05/2003,0,0,170000
113,Feux de Forêts,Tanger Tétouan,16/05/2003,0,0,0
112,Feux de Forêts,Tanger Tétouan,11/05/2003,0,0,90000
147,Feux de Forêts,Tanger Tétouan,25/07/2002,0,0,0
145,Feux de Forêts,l Oriental,27/10/2009,0,0,0
144,Feux de Forêts,Meknès Tafilalet,21/07/2009,0,0,200000
143,Feux de Forêts,l Oriental,2009/5/0,0,0,0
142,Feux de Forêts,Gharb Chrarda Beni Hssen,05/07/2008,0,0,0
110,Feux,Grand Casablanca,25/11/2002,0,0,800000
109,Feux,Doukkala Abda,01/11/2002,0,0,0
108,Feux,Doukkala Abda,01/11/2002,0,110,0
106,Feux,Gharb Chrarda Beni Hssen,16/08/2002,0,0,0
103,Feux de Forêts,Tanger Tétouan,13/08/2009,0,0,150000
141,Feux de Forêts,Gharb Chrarda Beni Hssen,23/06/2005,0,0,400000
139,Feux de Forêts,l Oriental,15/06/2004,0,0,0
139,Feux de Forêts,l Oriental,15/06/2004,0,0,0
138,Feux de Forêts,Fès Boulemane,27/07/2003,0,0,0
137,Feux de Forêts,Tanger Tétouan,12/08/2009,0,0,46000
136,Feux de Forêts,Souss Massa Draa,17/05/2002,0,0,200000
101,Feux de Forêts,Tanger Tétouan,17/05/2003,0,0,300000
100,Feux de Forêts,Tanger Tétouan,20/06/2005,0,0,325000
97,Feux de Forêts,l Oriental,04/05/2003,0,0,60000
96,Feux de Forêts,Tanger Tétouan,14/08/1997,0,0,350000
135,Feux de Forêts,Gharb Chrarda Beni Hssen,14/08/2009,0,0,100000
134,Feux,Grand Casablanca,26/09/1997,0,0,0
95,Feux de Forêts,Tanger Tétouan,14/07/1995,0,0,0
94,Feux de Forêts,Tanger Tétouan,14/06/1991,0,0,400000
92,Feux,Gharb Chrarda Beni Hssen,18/08/2002,0,0,0
91,Feux,Grand Casablanca,26/04/2008,0,0,250000
90,Feux de Forêts,Tanger Tétouan,03/08/2008,0,0,530000
89,Feux,Grand Casablanca,14/11/2013,0,0,450000
87,Feux de Forêts,Meknès Tafilalet,26/07/2009,0,0,29000
86,Inondation,Grand Casablanca,22/09/2008,0,3,0
84,Inondation,Marrakech Tensift Al-Haouz,07/01/2010,0,0,0
83,Inondation,Taza Al Hoceima Taounate,15/01/2010,0,0,0
82,Inondation,Tadla Azilal,10/03/2010,0,0,0
81,Inondation,Meknès Tafilalet,23/02/2010,0,0,0
80,Inondation,Gharb Chrarda Beni Hssen,20/01/2010,0,0,0
78,Inondation,Fès Boulemane,05/01/2009,0,0,0
76,Inondation,Tanger Tétouan,20/12/2009,0,0,0
75,Inondation,Tadla Azilal,20/01/2009,0,0,0
74,Inondation,Tadla Azilal,20/12/2009,0,0,0
73,Inondation,Marrakech Tensift Al-Haouz,20/12/2009,0,0,0
71,Inondation,Souss Massa Draa,22/12/2009,0,0,0
70,Inondation,Souss Massa Draa,20/12/2009,0,0,0
69,Inondation,Souss Massa Draa,26/12/2009,0,0,0
68,Inondation,Souss Massa Draa,21/12/2009,0,0,0
67,Inondation,Souss Massa Draa,20/12/2009,0,0,0
66,Inondation,Souss Massa Draa,25/12/2009,0,0,0
65,Inondation,Souss Massa Draa,24/12/2009,0,0,0
64,Inondation,Gharb Chrarda Beni Hssen,20/01/2009,0,0,0
63,Inondation,Gharb Chrarda Beni Hssen,06/02/2009,0,7000,0
62,Inondation,Grand Casablanca,19/01/2009,0,0,0
61,Inondation,Taza Al Hoceima Taounate,19/01/2009,0,0,0
60,Inondation,Meknès Tafilalet,14/02/2009,0,0,0
59,Inondation,Tanger Tétouan,19/02/2009,0,0,0
58,Inondation,Tanger Tétouan,20/01/2009,0,0,0
57,Inondation,l Oriental,27/10/2008,0,0,0
56,Inondation,Gharb Chrarda Beni Hssen,08/10/2008,0,0,0
55,Inondation,Grand Casablanca,19/02/2007,0,0,0
54,Inondation,Laayoune Boujdour Sakia El Ham,27/12/2005,0,0,0
53,Inondation,Grand Casablanca,01/11/2004,0,0,0
52,Inondation,Taza Al Hoceima Taounate,20/11/2003,0,40,0
51,Inondation,Grand Casablanca,17/11/2002,0,0,0
50,Inondation,Grand Casablanca,25/11/2002,0,0,0
49,Inondation,Chaouia Ouardigha,25/11/2002,0,0,0
48,Inondation,Taza Al Hoceima Taounate,25/10/2000,0,0,0
47,Inondation,Tanger Tétouan,17/12/2000,0,0,0
46,Inondation,Gharb Chrarda Beni Hssen,19/09/1997,0,0,44000
45,Inondation,Meknès Tafilalet,28/09/1997,0,0,0
44,Inondation,Doukkala Abda,04/03/1996,0,0,550000
43,Inondation,Marrakech Tensift Al-Haouz,19/01/1995,0,0,0
42,Inondation,Taza Al Hoceima Taounate,05/12/1995,0,0,0
41,Inondation,Tanger Tétouan,14/02/1991,0,0,0
40,Inondation,Tanger Tétouan,19/12/1990,340,0,0
39,Inondation,Marrakech Tensift Al-Haouz,18/05/1965,0,0,0
38,Inondation,Tanger Tétouan,25/05/2003,0,0,525000
37,Inondation,Meknès Tafilalet,11/07/2010,0,0,25000
36,Inondation,l Oriental,13/07/2009,0,0,120000
35,Inondation,Gharb Chrarda Beni Hssen,23/10/2008,20000,0,0
34,Inondation,Grand Casablanca,24/11/2002,0,0,0
33,Inondation,Marrakech Tensift Al-Haouz,19/08/1995,0,0,0
31,Tremblement de terre,Taza Al Hoceima Taounate,26/05/1994,0,0,0
30,Tremblement de terre,Grand Casablanca,23/10/1992,0,0,200000
29,Tremblement de terre,Rabat Salé Zemmour Zear,28/02/1969,0,12,0
26,Tremblement de terre,Taza Al Hoceima Taounate,24/02/2004,0,15238,0
24,Tremblement de terre,Souss Massa Draa,29/02/1960,0,25000,0
23,Feux de Forêts,Souss Massa Draa,10/08/2013,0,0,0
22,Inondation,Marrakech Tensift Al-Haouz,17/09/2013,0,0,0
20,Feux de Forêts,Rabat Salé Zemmour Zear,23/06/2013,0,0,0
19,Feux de Forêts,Meknès Tafilalet,21/07/2013,0,0,0
18,Inondation,Souss Massa Draa,30/11/2010,0,0,0
17,Inondation,Tanger Tétouan,29/11/2010,0,0,0
16,Inondation,Taza Al Hoceima Taounate,29/11/2010,0,0,0
15,Inondation,Rabat Salé Zemmour Zear,29/11/2010,0,0,0
14,Inondation,Rabat Salé Zemmour Zear,30/11/2011,0,0,0
13,Inondation,Meknès Tafilalet,29/11/2010,0,0,0
12,Inondation,Grand Casablanca,29/11/2010,0,0,0
11,Inondation,Tanger Tétouan,27/08/2011,0,0,0
10,Inondation,Fès Boulemane,27/08/2011,0,0,0
9,Inondation,Grand Casablanca,27/08/2011,0,0,0
8,Inondation,Marrakech Tensift Al-Haouz,28/08/2011,0,0,0
8,Inondation,Marrakech Tensift Al-Haouz,28/08/2011,0,0,0
7,Inondation,Marrakech Tensift Al-Haouz,19/06/2011,0,0,0
6,Inondation,Marrakech Tensift Al-Haouz,09/05/2011,0,0,0
5,Inondation,Marrakech Tensift Al-Haouz,25/03/2011,0,0,0
4,Inondation,Doukkala Abda,12/03/2011,0,0,0
3,Inondation,Marrakech Tensift Al-Haouz,12/03/2011,0,0,0
2,Inondation,Doukkala Abda,28/09/2012,0,0,0
1,Inondation,Tanger Tétouan,19/01/2013,0,0,0
